Year,Gender,Learning Category,Learning sub-category (higher),Learning sub-category (lower),Value
2013,All,Prime Areas Of Learning,,,67.4
2013,All,Prime Areas Of Learning,Communication and Language,,72.7
2013,All,Prime Areas Of Learning,Communication and Language,1:ListeningandAttention,61.8
2013,All,Prime Areas Of Learning,Communication and Language,2:Understanding,63.9
2013,All,Prime Areas Of Learning,Communication and Language,3:Speaking,64.7
2013,All,Prime Areas Of Learning,Physical Development,,81.2
2013,All,Prime Areas Of Learning,Physical Development,4:Movingandhandling,71.8
2013,All,Prime Areas Of Learning,Physical Development,5:Healthandself-care,74.7
2013,All,Prime Areas Of Learning,"Personal, Social and Emotional Development",,76.7
2013,All,Prime Areas Of Learning,"Personal, Social and Emotional Development",6:Self-confidenceandself-awareness,72.1
2013,All,Prime Areas Of Learning,"Personal, Social and Emotional Development",7:Managingfeelingsandbehaviour,72.6
2013,All,Prime Areas Of Learning,"Personal, Social and Emotional Development",8:MakingRelationships,73.3
2013,All,Prime Areas Of Learning,,,55.9
2013,All,Prime Areas Of Learning,Literacy,,55.9
2013,All,Specific Areas Of Learning,Literacy,9:Reading,63.4
2013,All,Specific Areas Of Learning,Literacy,10:Writing,54.2
2013,All,Specific Areas Of Learning,Mathematics,,55.2
2013,All,Specific Areas Of Learning,Mathematics,11:Numbers,67.1
2013,All,Specific Areas Of Learning,Mathematics,"12:Shape,spaceandmeasures",59.4
2013,All,Specific Areas Of Learning,Understanding the World,,66.7
2013,All,Specific Areas Of Learning,Understanding the World,13:PeopleandCommunities,75.9
2013,All,Specific Areas Of Learning,Understanding the World,14:TheWorld,74.0
2013,All,Specific Areas Of Learning,Understanding the World,15:Technology,74.2
2013,All,Specific Areas Of Learning,Expressive arts and design,,80.2
2013,All,Specific Areas Of Learning,Expressive arts and design,16:exploringandusingmediaandmaterials,75.8
2013,All,Specific Areas Of Learning,Expressive arts and design,17:beingimaginative,72.2
2013,Girls,Prime Areas Of Learning,,,75.2
2013,Girls,Prime Areas Of Learning,Communication and Language,,79.4
2013,Girls,Prime Areas Of Learning,Communication and Language,1:ListeningandAttention,63.1
2013,Girls,Prime Areas Of Learning,Communication and Language,2:Understanding,65.9
2013,Girls,Prime Areas Of Learning,Communication and Language,3:Speaking,67.0
2013,Girls,Prime Areas Of Learning,Physical Development,,88.2
2013,Girls,Prime Areas Of Learning,Physical Development,4:Movingandhandling,74.1
2013,Girls,Prime Areas Of Learning,Physical Development,5:Healthandself-care,76.0
2013,Girls,Prime Areas Of Learning,"Personal, Social and Emotional Development",,83.0
2013,Girls,Prime Areas Of Learning,"Personal, Social and Emotional Development",6:Self-confidenceandself-awareness,74.1
2013,Girls,Prime Areas Of Learning,"Personal, Social and Emotional Development",7:Managingfeelingsandbehaviour,76.0
2013,Girls,Prime Areas Of Learning,"Personal, Social and Emotional Development",8:MakingRelationships,75.9
2013,Girls,Prime Areas Of Learning,,,64.8
2013,Girls,Prime Areas Of Learning,Literacy,,64.8
2013,Girls,Specific Areas Of Learning,Literacy,9:Reading,71.1
2013,Girls,Specific Areas Of Learning,Literacy,10:Writing,56.0
2013,Girls,Specific Areas Of Learning,Mathematics,,59.5
2013,Girls,Specific Areas Of Learning,Mathematics,11:Numbers,71.3
2013,Girls,Specific Areas Of Learning,Mathematics,"12:Shape,spaceandmeasures",63.1
2013,Girls,Specific Areas Of Learning,Understanding the World,,71.6
2013,Girls,Specific Areas Of Learning,Understanding the World,13:PeopleandCommunities,79.9
2013,Girls,Specific Areas Of Learning,Understanding the World,14:TheWorld,79.0
2013,Girls,Specific Areas Of Learning,Understanding the World,15:Technology,78.7
2013,Girls,Specific Areas Of Learning,Expressive arts and design,,81.0
2013,Girls,Specific Areas Of Learning,Expressive arts and design,16:exploringandusingmediaandmaterials,86.6
2013,Girls,Specific Areas Of Learning,Expressive arts and design,17:beingimaginative,77.6
2013,Boys,Prime Areas Of Learning,,,60.2
2013,Boys,Prime Areas Of Learning,Communication and Language,,66.4
2013,Boys,Prime Areas Of Learning,Communication and Language,1:ListeningandAttention,60.5
2013,Boys,Prime Areas Of Learning,Communication and Language,2:Understanding,62.1
2013,Boys,Prime Areas Of Learning,Communication and Language,3:Speaking,62.6
2013,Boys,Prime Areas Of Learning,Physical Development,,74.8
2013,Boys,Prime Areas Of Learning,Physical Development,4:Movingandhandling,69.5
2013,Boys,Prime Areas Of Learning,Physical Development,5:Healthandself-care,73.6
2013,Boys,Prime Areas Of Learning,"Personal, Social and Emotional Development",,70.8
2013,Boys,Prime Areas Of Learning,"Personal, Social and Emotional Development",6:Self-confidenceandself-awareness,70.2
2013,Boys,Prime Areas Of Learning,"Personal, Social and Emotional Development",7:Managingfeelingsandbehaviour,69.5
2013,Boys,Prime Areas Of Learning,"Personal, Social and Emotional Development",8:MakingRelationships,70.9
2013,Boys,Prime Areas Of Learning,,,47.7
2013,Boys,Prime Areas Of Learning,Literacy,,47.7
2013,Boys,Specific Areas Of Learning,Literacy,9:Reading,56.2
2013,Boys,Specific Areas Of Learning,Literacy,10:Writing,52.6
2013,Boys,Specific Areas Of Learning,Mathematics,,51.2
2013,Boys,Specific Areas Of Learning,Mathematics,11:Numbers,63.3
2013,Boys,Specific Areas Of Learning,Mathematics,"12:Shape,spaceandmeasures",56.0
2013,Boys,Specific Areas Of Learning,Understanding the World,,62.2
2013,Boys,Specific Areas Of Learning,Understanding the World,13:PeopleandCommunities,72.3
2013,Boys,Specific Areas Of Learning,Understanding the World,14:TheWorld,69.3
2013,Boys,Specific Areas Of Learning,Understanding the World,15:Technology,70.0
2013,Boys,Specific Areas Of Learning,Expressive arts and design,,79.4
2013,Boys,Specific Areas Of Learning,Expressive arts and design,16:exploringandusingmediaandmaterials,65.7
2013,Boys,Specific Areas Of Learning,Expressive arts and design,17:beingimaginative,67.2
2014,All,Prime Areas Of Learning,,,71.3
2014,All,Prime Areas Of Learning,Communication and Language,,75.3
2014,All,Prime Areas Of Learning,Communication and Language,1:ListeningandAttention,62.8
2014,All,Prime Areas Of Learning,Communication and Language,2:Understanding,63.2
2014,All,Prime Areas Of Learning,Communication and Language,3:Speaking,63.0
2014,All,Prime Areas Of Learning,Physical Development,,83.9
2014,All,Prime Areas Of Learning,Physical Development,4:Movingandhandling,70.8
2014,All,Prime Areas Of Learning,Physical Development,5:Healthandself-care,73.2
2014,All,Prime Areas Of Learning,"Personal, Social and Emotional Development",,79.3
2014,All,Prime Areas Of Learning,"Personal, Social and Emotional Development",6:Self-confidenceandself-awareness,69.5
2014,All,Prime Areas Of Learning,"Personal, Social and Emotional Development",7:Managingfeelingsandbehaviour,69.7
2014,All,Prime Areas Of Learning,"Personal, Social and Emotional Development",8:MakingRelationships,69.6
2014,All,Prime Areas Of Learning,,,60.1
2014,All,Prime Areas Of Learning,Literacy,,60.1
2014,All,Specific Areas Of Learning,Literacy,9:Reading,66.2
2014,All,Specific Areas Of Learning,Literacy,10:Writing,54.4
2014,All,Specific Areas Of Learning,Mathematics,,56.0
2014,All,Specific Areas Of Learning,Mathematics,11:Numbers,71.7
2014,All,Specific Areas Of Learning,Mathematics,"12:Shape,spaceandmeasures",60.0
2014,All,Specific Areas Of Learning,Understanding the World,,66.7
2014,All,Specific Areas Of Learning,Understanding the World,13:PeopleandCommunities,77.2
2014,All,Specific Areas Of Learning,Understanding the World,14:TheWorld,73.2
2014,All,Specific Areas Of Learning,Understanding the World,15:Technology,73.9
2014,All,Specific Areas Of Learning,Expressive arts and design,,80.0
2014,All,Specific Areas Of Learning,Expressive arts and design,16:exploringandusingmediaandmaterials,81.9
2014,All,Specific Areas Of Learning,Expressive arts and design,17:beingimaginative,74.1
2014,Girls,Prime Areas Of Learning,,,80.1
2014,Girls,Prime Areas Of Learning,Communication and Language,,83.1
2014,Girls,Prime Areas Of Learning,Communication and Language,1:ListeningandAttention,63.2
2014,Girls,Prime Areas Of Learning,Communication and Language,2:Understanding,64.2
2014,Girls,Prime Areas Of Learning,Communication and Language,3:Speaking,66.2
2014,Girls,Prime Areas Of Learning,Physical Development,,90.5
2014,Girls,Prime Areas Of Learning,Physical Development,4:Movingandhandling,72.4
2014,Girls,Prime Areas Of Learning,Physical Development,5:Healthandself-care,73.2
2014,Girls,Prime Areas Of Learning,"Personal, Social and Emotional Development",,85.6
2014,Girls,Prime Areas Of Learning,"Personal, Social and Emotional Development",6:Self-confidenceandself-awareness,70.3
2014,Girls,Prime Areas Of Learning,"Personal, Social and Emotional Development",7:Managingfeelingsandbehaviour,69.4
2014,Girls,Prime Areas Of Learning,"Personal, Social and Emotional Development",8:MakingRelationships,68.8
2014,Girls,Prime Areas Of Learning,,,69.4
2014,Girls,Prime Areas Of Learning,Literacy,,69.4
2014,Girls,Specific Areas Of Learning,Literacy,9:Reading,74.7
2014,Girls,Specific Areas Of Learning,Literacy,10:Writing,60.0
2014,Girls,Specific Areas Of Learning,Mathematics,,61.0
2014,Girls,Specific Areas Of Learning,Mathematics,11:Numbers,77.6
2014,Girls,Specific Areas Of Learning,Mathematics,"12:Shape,spaceandmeasures",66.6
2014,Girls,Specific Areas Of Learning,Understanding the World,,71.9
2014,Girls,Specific Areas Of Learning,Understanding the World,13:PeopleandCommunities,82.8
2014,Girls,Specific Areas Of Learning,Understanding the World,14:TheWorld,77.1
2014,Girls,Specific Areas Of Learning,Understanding the World,15:Technology,78.6
2014,Girls,Specific Areas Of Learning,Expressive arts and design,,84.0
2014,Girls,Specific Areas Of Learning,Expressive arts and design,16:exploringandusingmediaandmaterials,91.1
2014,Girls,Specific Areas Of Learning,Expressive arts and design,17:beingimaginative,76.8
2014,Boys,Prime Areas Of Learning,,,61.8
2014,Boys,Prime Areas Of Learning,Communication and Language,,67.0
2014,Boys,Prime Areas Of Learning,Communication and Language,1:ListeningandAttention,62.2
2014,Boys,Prime Areas Of Learning,Communication and Language,2:Understanding,62.1
2014,Boys,Prime Areas Of Learning,Communication and Language,3:Speaking,59.6
2014,Boys,Prime Areas Of Learning,Physical Development,,76.9
2014,Boys,Prime Areas Of Learning,Physical Development,4:Movingandhandling,69.2
2014,Boys,Prime Areas Of Learning,Physical Development,5:Healthandself-care,73.2
2014,Boys,Prime Areas Of Learning,"Personal, Social and Emotional Development",,72.6
2014,Boys,Prime Areas Of Learning,"Personal, Social and Emotional Development",6:Self-confidenceandself-awareness,68.7
2014,Boys,Prime Areas Of Learning,"Personal, Social and Emotional Development",7:Managingfeelingsandbehaviour,69.9
2014,Boys,Prime Areas Of Learning,"Personal, Social and Emotional Development",8:MakingRelationships,70.5
2014,Boys,Prime Areas Of Learning,,,50.1
2014,Boys,Prime Areas Of Learning,Literacy,,50.1
2014,Boys,Specific Areas Of Learning,Literacy,9:Reading,57.0
2014,Boys,Specific Areas Of Learning,Literacy,10:Writing,48.4
2014,Boys,Specific Areas Of Learning,Mathematics,,50.6
2014,Boys,Specific Areas Of Learning,Mathematics,11:Numbers,65.4
2014,Boys,Specific Areas Of Learning,Mathematics,"12:Shape,spaceandmeasures",53.0
2014,Boys,Specific Areas Of Learning,Understanding the World,,61.1
2014,Boys,Specific Areas Of Learning,Understanding the World,13:PeopleandCommunities,71.2
2014,Boys,Specific Areas Of Learning,Understanding the World,14:TheWorld,69.0
2014,Boys,Specific Areas Of Learning,Understanding the World,15:Technology,68.9
2014,Boys,Specific Areas Of Learning,Expressive arts and design,,75.8
2014,Boys,Specific Areas Of Learning,Expressive arts and design,16:exploringandusingmediaandmaterials,72.0
2014,Boys,Specific Areas Of Learning,Expressive arts and design,17:beingimaginative,71.2
2015,All,Prime Areas Of Learning,,,71.8
2015,All,Prime Areas Of Learning,Communication and Language,,77.0
2015,All,Prime Areas Of Learning,Communication and Language,1:ListeningandAttention,62.0
2015,All,Prime Areas Of Learning,Communication and Language,2:Understanding,62.9
2015,All,Prime Areas Of Learning,Communication and Language,3:Speaking,65.4
2015,All,Prime Areas Of Learning,Physical Development,,84.6
2015,All,Prime Areas Of Learning,Physical Development,4:Movingandhandling,69.7
2015,All,Prime Areas Of Learning,Physical Development,5:Healthandself-care,72.0
2015,All,Prime Areas Of Learning,"Personal, Social and Emotional Development",,80.0
2015,All,Prime Areas Of Learning,"Personal, Social and Emotional Development",6:Self-confidenceandself-awareness,69.1
2015,All,Prime Areas Of Learning,"Personal, Social and Emotional Development",7:Managingfeelingsandbehaviour,70.0
2015,All,Prime Areas Of Learning,"Personal, Social and Emotional Development",8:MakingRelationships,71.9
2015,All,Prime Areas Of Learning,,,64.1
2015,All,Prime Areas Of Learning,Literacy,,64.1
2015,All,Specific Areas Of Learning,Literacy,9:Reading,68.9
2015,All,Specific Areas Of Learning,Literacy,10:Writing,55.0
2015,All,Specific Areas Of Learning,Mathematics,,58.0
2015,All,Specific Areas Of Learning,Mathematics,11:Numbers,73.7
2015,All,Specific Areas Of Learning,Mathematics,"12:Shape,spaceandmeasures",60.7
2015,All,Specific Areas Of Learning,Understanding the World,,65.5
2015,All,Specific Areas Of Learning,Understanding the World,13:PeopleandCommunities,79.2
2015,All,Specific Areas Of Learning,Understanding the World,14:TheWorld,73.3
2015,All,Specific Areas Of Learning,Understanding the World,15:Technology,70.3
2015,All,Specific Areas Of Learning,Expressive arts and design,,79.8
2015,All,Specific Areas Of Learning,Expressive arts and design,16:exploringandusingmediaandmaterials,81.2
2015,All,Specific Areas Of Learning,Expressive arts and design,17:beingimaginative,72.8
2015,Girls,Prime Areas Of Learning,,,82.0
2015,Girls,Prime Areas Of Learning,Communication and Language,,86.0
2015,Girls,Prime Areas Of Learning,Communication and Language,1:ListeningandAttention,62.6
2015,Girls,Prime Areas Of Learning,Communication and Language,2:Understanding,63.1
2015,Girls,Prime Areas Of Learning,Communication and Language,3:Speaking,67.9
2015,Girls,Prime Areas Of Learning,Physical Development,,92.7
2015,Girls,Prime Areas Of Learning,Physical Development,4:Movingandhandling,70.7
2015,Girls,Prime Areas Of Learning,Physical Development,5:Healthandself-care,72.0
2015,Girls,Prime Areas Of Learning,"Personal, Social and Emotional Development",,87.3
2015,Girls,Prime Areas Of Learning,"Personal, Social and Emotional Development",6:Self-confidenceandself-awareness,67.6
2015,Girls,Prime Areas Of Learning,"Personal, Social and Emotional Development",7:Managingfeelingsandbehaviour,71.7
2015,Girls,Prime Areas Of Learning,"Personal, Social and Emotional Development",8:MakingRelationships,71.7
2015,Girls,Prime Areas Of Learning,,,75.6
2015,Girls,Prime Areas Of Learning,Literacy,,75.6
2015,Girls,Specific Areas Of Learning,Literacy,9:Reading,79.4
2015,Girls,Specific Areas Of Learning,Literacy,10:Writing,58.4
2015,Girls,Specific Areas Of Learning,Mathematics,,62.7
2015,Girls,Specific Areas Of Learning,Mathematics,11:Numbers,80.6
2015,Girls,Specific Areas Of Learning,Mathematics,"12:Shape,spaceandmeasures",66.3
2015,Girls,Specific Areas Of Learning,Understanding the World,,70.3
2015,Girls,Specific Areas Of Learning,Understanding the World,13:PeopleandCommunities,85.6
2015,Girls,Specific Areas Of Learning,Understanding the World,14:TheWorld,77.6
2015,Girls,Specific Areas Of Learning,Understanding the World,15:Technology,74.7
2015,Girls,Specific Areas Of Learning,Expressive arts and design,,83.3
2015,Girls,Specific Areas Of Learning,Expressive arts and design,16:exploringandusingmediaandmaterials,91.7
2015,Girls,Specific Areas Of Learning,Expressive arts and design,17:beingimaginative,75.1
2015,Boys,Prime Areas Of Learning,,,62.4
2015,Boys,Prime Areas Of Learning,Communication and Language,,68.5
2015,Boys,Prime Areas Of Learning,Communication and Language,1:ListeningandAttention,61.4
2015,Boys,Prime Areas Of Learning,Communication and Language,2:Understanding,62.7
2015,Boys,Prime Areas Of Learning,Communication and Language,3:Speaking,63.0
2015,Boys,Prime Areas Of Learning,Physical Development,,76.9
2015,Boys,Prime Areas Of Learning,Physical Development,4:Movingandhandling,68.7
2015,Boys,Prime Areas Of Learning,Physical Development,5:Healthandself-care,72.0
2015,Boys,Prime Areas Of Learning,"Personal, Social and Emotional Development",,73.2
2015,Boys,Prime Areas Of Learning,"Personal, Social and Emotional Development",6:Self-confidenceandself-awareness,70.6
2015,Boys,Prime Areas Of Learning,"Personal, Social and Emotional Development",7:Managingfeelingsandbehaviour,68.4
2015,Boys,Prime Areas Of Learning,"Personal, Social and Emotional Development",8:MakingRelationships,72.0
2015,Boys,Prime Areas Of Learning,,,53.3
2015,Boys,Prime Areas Of Learning,Literacy,,53.3
2015,Boys,Specific Areas Of Learning,Literacy,9:Reading,59.0
2015,Boys,Specific Areas Of Learning,Literacy,10:Writing,51.8
2015,Boys,Specific Areas Of Learning,Mathematics,,53.6
2015,Boys,Specific Areas Of Learning,Mathematics,11:Numbers,67.2
2015,Boys,Specific Areas Of Learning,Mathematics,"12:Shape,spaceandmeasures",55.5
2015,Boys,Specific Areas Of Learning,Understanding the World,,61.0
2015,Boys,Specific Areas Of Learning,Understanding the World,13:PeopleandCommunities,73.2
2015,Boys,Specific Areas Of Learning,Understanding the World,14:TheWorld,69.2
2015,Boys,Specific Areas Of Learning,Understanding the World,15:Technology,66.2
2015,Boys,Specific Areas Of Learning,Expressive arts and design,,76.6
2015,Boys,Specific Areas Of Learning,Expressive arts and design,16:exploringandusingmediaandmaterials,71.4
2015,Boys,Specific Areas Of Learning,Expressive arts and design,17:beingimaginative,70.7
2016,All,Prime Areas Of Learning,,,73.4
2016,All,Prime Areas Of Learning,Communication and Language,,77.7
2016,All,Prime Areas Of Learning,Communication and Language,1:ListeningandAttention,63.5
2016,All,Prime Areas Of Learning,Communication and Language,2:Understanding,62.2
2016,All,Prime Areas Of Learning,Communication and Language,3:Speaking,65.2
2016,All,Prime Areas Of Learning,Physical Development,,83.6
2016,All,Prime Areas Of Learning,Physical Development,4:Movingandhandling,69.3
2016,All,Prime Areas Of Learning,Physical Development,5:Healthandself-care,70.3
2016,All,Prime Areas Of Learning,"Personal, Social and Emotional Development",,80.0
2016,All,Prime Areas Of Learning,"Personal, Social and Emotional Development",6:Self-confidenceandself-awareness,69.2
2016,All,Prime Areas Of Learning,"Personal, Social and Emotional Development",7:Managingfeelingsandbehaviour,69.7
2016,All,Prime Areas Of Learning,"Personal, Social and Emotional Development",8:MakingRelationships,70.4
2016,All,Prime Areas Of Learning,,,65.9
2016,All,Prime Areas Of Learning,Literacy,,65.9
2016,All,Specific Areas Of Learning,Literacy,9:Reading,69.7
2016,All,Specific Areas Of Learning,Literacy,10:Writing,57.5
2016,All,Specific Areas Of Learning,Mathematics,,58.9
2016,All,Specific Areas Of Learning,Mathematics,11:Numbers,74.3
2016,All,Specific Areas Of Learning,Mathematics,"12:Shape,spaceandmeasures",61.6
2016,All,Specific Areas Of Learning,Understanding the World,,65.9
2016,All,Specific Areas Of Learning,Understanding the World,13:PeopleandCommunities,78.9
2016,All,Specific Areas Of Learning,Understanding the World,14:TheWorld,71.3
2016,All,Specific Areas Of Learning,Understanding the World,15:Technology,70.6
2016,All,Specific Areas Of Learning,Expressive arts and design,,80.3
2016,All,Specific Areas Of Learning,Expressive arts and design,16:exploringandusingmediaandmaterials,82.1
2016,All,Specific Areas Of Learning,Expressive arts and design,17:beingimaginative,72.0
2016,Girls,Prime Areas Of Learning,,,82.1
2016,Girls,Prime Areas Of Learning,Communication and Language,,85.4
2016,Girls,Prime Areas Of Learning,Communication and Language,1:ListeningandAttention,63.1
2016,Girls,Prime Areas Of Learning,Communication and Language,2:Understanding,63.3
2016,Girls,Prime Areas Of Learning,Communication and Language,3:Speaking,68.6
2016,Girls,Prime Areas Of Learning,Physical Development,,90.0
2016,Girls,Prime Areas Of Learning,Physical Development,4:Movingandhandling,70.0
2016,Girls,Prime Areas Of Learning,Physical Development,5:Healthandself-care,70.4
2016,Girls,Prime Areas Of Learning,"Personal, Social and Emotional Development",,88.1
2016,Girls,Prime Areas Of Learning,"Personal, Social and Emotional Development",6:Self-confidenceandself-awareness,70.9
2016,Girls,Prime Areas Of Learning,"Personal, Social and Emotional Development",7:Managingfeelingsandbehaviour,72.6
2016,Girls,Prime Areas Of Learning,"Personal, Social and Emotional Development",8:MakingRelationships,71.9
2016,Girls,Prime Areas Of Learning,,,75.2
2016,Girls,Prime Areas Of Learning,Literacy,,75.2
2016,Girls,Specific Areas Of Learning,Literacy,9:Reading,77.7
2016,Girls,Specific Areas Of Learning,Literacy,10:Writing,61.5
2016,Girls,Specific Areas Of Learning,Mathematics,,62.5
2016,Girls,Specific Areas Of Learning,Mathematics,11:Numbers,80.1
2016,Girls,Specific Areas Of Learning,Mathematics,"12:Shape,spaceandmeasures",68.0
2016,Girls,Specific Areas Of Learning,Understanding the World,,70.3
2016,Girls,Specific Areas Of Learning,Understanding the World,13:PeopleandCommunities,84.9
2016,Girls,Specific Areas Of Learning,Understanding the World,14:TheWorld,75.9
2016,Girls,Specific Areas Of Learning,Understanding the World,15:Technology,76.0
2016,Girls,Specific Areas Of Learning,Expressive arts and design,,83.5
2016,Girls,Specific Areas Of Learning,Expressive arts and design,16:exploringandusingmediaandmaterials,90.9
2016,Girls,Specific Areas Of Learning,Expressive arts and design,17:beingimaginative,75.8
2016,Boys,Prime Areas Of Learning,,,65.2
2016,Boys,Prime Areas Of Learning,Communication and Language,,70.4
2016,Boys,Prime Areas Of Learning,Communication and Language,1:ListeningandAttention,63.9
2016,Boys,Prime Areas Of Learning,Communication and Language,2:Understanding,61.0
2016,Boys,Prime Areas Of Learning,Communication and Language,3:Speaking,62.0
2016,Boys,Prime Areas Of Learning,Physical Development,,77.6
2016,Boys,Prime Areas Of Learning,Physical Development,4:Movingandhandling,68.7
2016,Boys,Prime Areas Of Learning,Physical Development,5:Healthandself-care,70.2
2016,Boys,Prime Areas Of Learning,"Personal, Social and Emotional Development",,72.3
2016,Boys,Prime Areas Of Learning,"Personal, Social and Emotional Development",6:Self-confidenceandself-awareness,67.6
2016,Boys,Prime Areas Of Learning,"Personal, Social and Emotional Development",7:Managingfeelingsandbehaviour,66.9
2016,Boys,Prime Areas Of Learning,"Personal, Social and Emotional Development",8:MakingRelationships,68.9
2016,Boys,Prime Areas Of Learning,,,57.1
2016,Boys,Prime Areas Of Learning,Literacy,,57.1
2016,Boys,Specific Areas Of Learning,Literacy,9:Reading,62.2
2016,Boys,Specific Areas Of Learning,Literacy,10:Writing,53.8
2016,Boys,Specific Areas Of Learning,Mathematics,,55.5
2016,Boys,Specific Areas Of Learning,Mathematics,11:Numbers,68.8
2016,Boys,Specific Areas Of Learning,Mathematics,"12:Shape,spaceandmeasures",55.6
2016,Boys,Specific Areas Of Learning,Understanding the World,,61.7
2016,Boys,Specific Areas Of Learning,Understanding the World,13:PeopleandCommunities,73.2
2016,Boys,Specific Areas Of Learning,Understanding the World,14:TheWorld,67.0
2016,Boys,Specific Areas Of Learning,Understanding the World,15:Technology,65.4
2016,Boys,Specific Areas Of Learning,Expressive arts and design,,77.2
2016,Boys,Specific Areas Of Learning,Expressive arts and design,16:exploringandusingmediaandmaterials,73.9
2016,Boys,Specific Areas Of Learning,Expressive arts and design,17:beingimaginative,68.4
2017,All,Prime Areas Of Learning,,,75.4
2017,All,Prime Areas Of Learning,Communication and Language,,79.4
2017,All,Prime Areas Of Learning,Communication and Language,1:ListeningandAttention,62.0
2017,All,Prime Areas Of Learning,Communication and Language,2:Understanding,63.1
2017,All,Prime Areas Of Learning,Communication and Language,3:Speaking,65.5
2017,All,Prime Areas Of Learning,Physical Development,,83.3
2017,All,Prime Areas Of Learning,Physical Development,4:Movingandhandling,71.7
2017,All,Prime Areas Of Learning,Physical Development,5:Healthandself-care,71.5
2017,All,Prime Areas Of Learning,"Personal, Social and Emotional Development",,81.1
2017,All,Prime Areas Of Learning,"Personal, Social and Emotional Development",6:Self-confidenceandself-awareness,68.5
2017,All,Prime Areas Of Learning,"Personal, Social and Emotional Development",7:Managingfeelingsandbehaviour,67.7
2017,All,Prime Areas Of Learning,"Personal, Social and Emotional Development",8:MakingRelationships,69.9
2017,All,Prime Areas Of Learning,,,65.9
2017,All,Prime Areas Of Learning,Literacy,,65.9
2017,All,Specific Areas Of Learning,Literacy,9:Reading,69.2
2017,All,Specific Areas Of Learning,Literacy,10:Writing,57.3
2017,All,Specific Areas Of Learning,Mathematics,,59.6
2017,All,Specific Areas Of Learning,Mathematics,11:Numbers,75.1
2017,All,Specific Areas Of Learning,Mathematics,"12:Shape,spaceandmeasures",62.2
2017,All,Specific Areas Of Learning,Understanding the World,,66.5
2017,All,Specific Areas Of Learning,Understanding the World,13:PeopleandCommunities,80.7
2017,All,Specific Areas Of Learning,Understanding the World,14:TheWorld,71.2
2017,All,Specific Areas Of Learning,Understanding the World,15:Technology,70.6
2017,All,Specific Areas Of Learning,Expressive arts and design,,78.9
2017,All,Specific Areas Of Learning,Expressive arts and design,16:exploringandusingmediaandmaterials,81.5
2017,All,Specific Areas Of Learning,Expressive arts and design,17:beingimaginative,71.5
2017,Girls,Prime Areas Of Learning,,,82.3
2017,Girls,Prime Areas Of Learning,Communication and Language,,84.4
2017,Girls,Prime Areas Of Learning,Communication and Language,1:ListeningandAttention,61.0
2017,Girls,Prime Areas Of Learning,Communication and Language,2:Understanding,63.3
2017,Girls,Prime Areas Of Learning,Communication and Language,3:Speaking,67.1
2017,Girls,Prime Areas Of Learning,Physical Development,,89.0
2017,Girls,Prime Areas Of Learning,Physical Development,4:Movingandhandling,71.1
2017,Girls,Prime Areas Of Learning,Physical Development,5:Healthandself-care,71.2
2017,Girls,Prime Areas Of Learning,"Personal, Social and Emotional Development",,86.8
2017,Girls,Prime Areas Of Learning,"Personal, Social and Emotional Development",6:Self-confidenceandself-awareness,69.0
2017,Girls,Prime Areas Of Learning,"Personal, Social and Emotional Development",7:Managingfeelingsandbehaviour,68.7
2017,Girls,Prime Areas Of Learning,"Personal, Social and Emotional Development",8:MakingRelationships,69.7
2017,Girls,Prime Areas Of Learning,,,74.7
2017,Girls,Prime Areas Of Learning,Literacy,,74.7
2017,Girls,Specific Areas Of Learning,Literacy,9:Reading,76.7
2017,Girls,Specific Areas Of Learning,Literacy,10:Writing,61.5
2017,Girls,Specific Areas Of Learning,Mathematics,,63.8
2017,Girls,Specific Areas Of Learning,Mathematics,11:Numbers,79.0
2017,Girls,Specific Areas Of Learning,Mathematics,"12:Shape,spaceandmeasures",65.8
2017,Girls,Specific Areas Of Learning,Understanding the World,,69.6
2017,Girls,Specific Areas Of Learning,Understanding the World,13:PeopleandCommunities,84.6
2017,Girls,Specific Areas Of Learning,Understanding the World,14:TheWorld,73.8
2017,Girls,Specific Areas Of Learning,Understanding the World,15:Technology,74.6
2017,Girls,Specific Areas Of Learning,Expressive arts and design,,81.9
2017,Girls,Specific Areas Of Learning,Expressive arts and design,16:exploringandusingmediaandmaterials,90.0
2017,Girls,Specific Areas Of Learning,Expressive arts and design,17:beingimaginative,73.8
2017,Boys,Prime Areas Of Learning,,,68.8
2017,Boys,Prime Areas Of Learning,Communication and Language,,74.6
2017,Boys,Prime Areas Of Learning,Communication and Language,1:ListeningandAttention,63.0
2017,Boys,Prime Areas Of Learning,Communication and Language,2:Understanding,62.8
2017,Boys,Prime Areas Of Learning,Communication and Language,3:Speaking,64.0
2017,Boys,Prime Areas Of Learning,Physical Development,,77.8
2017,Boys,Prime Areas Of Learning,Physical Development,4:Movingandhandling,72.2
2017,Boys,Prime Areas Of Learning,Physical Development,5:Healthandself-care,71.9
2017,Boys,Prime Areas Of Learning,"Personal, Social and Emotional Development",,75.6
2017,Boys,Prime Areas Of Learning,"Personal, Social and Emotional Development",6:Self-confidenceandself-awareness,68.0
2017,Boys,Prime Areas Of Learning,"Personal, Social and Emotional Development",7:Managingfeelingsandbehaviour,66.7
2017,Boys,Prime Areas Of Learning,"Personal, Social and Emotional Development",8:MakingRelationships,70.1
2017,Boys,Prime Areas Of Learning,,,57.4
2017,Boys,Prime Areas Of Learning,Literacy,,57.4
2017,Boys,Specific Areas Of Learning,Literacy,9:Reading,61.9
2017,Boys,Specific Areas Of Learning,Literacy,10:Writing,53.3
2017,Boys,Specific Areas Of Learning,Mathematics,,55.5
2017,Boys,Specific Areas Of Learning,Mathematics,11:Numbers,71.4
2017,Boys,Specific Areas Of Learning,Mathematics,"12:Shape,spaceandmeasures",58.8
2017,Boys,Specific Areas Of Learning,Understanding the World,,63.6
2017,Boys,Specific Areas Of Learning,Understanding the World,13:PeopleandCommunities,77.0
2017,Boys,Specific Areas Of Learning,Understanding the World,14:TheWorld,68.8
2017,Boys,Specific Areas Of Learning,Understanding the World,15:Technology,66.8
2017,Boys,Specific Areas Of Learning,Expressive arts and design,,76.0
2017,Boys,Specific Areas Of Learning,Expressive arts and design,16:exploringandusingmediaandmaterials,73.3
2017,Boys,Specific Areas Of Learning,Expressive arts and design,17:beingimaginative,69.2
2018,All,Prime Areas Of Learning,,,76.3
2018,All,Prime Areas Of Learning,Communication and Language,,62.2
2018,All,Prime Areas Of Learning,Communication and Language,1:ListeningandAttention,62.2
2018,All,Prime Areas Of Learning,Communication and Language,2:Understanding,62.1
2018,All,Prime Areas Of Learning,Communication and Language,3:Speaking,64.3
2018,All,Prime Areas Of Learning,Physical Development,,85.5
2018,All,Prime Areas Of Learning,Physical Development,4:Movingandhandling,71.5
2018,All,Prime Areas Of Learning,Physical Development,5:Healthandself-care,71.9
2018,All,Prime Areas Of Learning,"Personal, Social and Emotional Development",,82.4
2018,All,Prime Areas Of Learning,"Personal, Social and Emotional Development",6:Self-confidenceandself-awareness,69.8
2018,All,Prime Areas Of Learning,"Personal, Social and Emotional Development",7:Managingfeelingsandbehaviour,71.3
2018,All,Prime Areas Of Learning,"Personal, Social and Emotional Development",8:MakingRelationships,73.1
2018,All,Prime Areas Of Learning,,,68.1
2018,All,Prime Areas Of Learning,Literacy,,70.7
2018,All,Specific Areas Of Learning,Literacy,9:Reading,58.6
2018,All,Specific Areas Of Learning,Literacy,10:Writing,59.8
2018,All,Specific Areas Of Learning,Mathematics,,76.7
2018,All,Specific Areas Of Learning,Mathematics,11:Numbers,62.7
2018,All,Specific Areas Of Learning,Mathematics,"12:Shape,spaceandmeasures",66.5
2018,All,Specific Areas Of Learning,Understanding the World,,81.0
2018,All,Specific Areas Of Learning,Understanding the World,13:PeopleandCommunities,70.8
2018,All,Specific Areas Of Learning,Understanding the World,14:TheWorld,70.7
2018,All,Specific Areas Of Learning,Understanding the World,15:Technology,78.6
2018,All,Specific Areas Of Learning,Expressive arts and design,,84.3
2018,All,Specific Areas Of Learning,Expressive arts and design,16:exploringandusingmediaandmaterials,71.9
2018,All,Specific Areas Of Learning,Expressive arts and design,17:beingimaginative,72.7
2018,Girls,Prime Areas Of Learning,,,83.1
2018,Girls,Prime Areas Of Learning,Communication and Language,,84.9
2018,Girls,Prime Areas Of Learning,Communication and Language,1:ListeningandAttention,63.5
2018,Girls,Prime Areas Of Learning,Communication and Language,2:Understanding,64.7
2018,Girls,Prime Areas Of Learning,Communication and Language,3:Speaking,66.0
2018,Girls,Prime Areas Of Learning,Physical Development,,91.6
2018,Girls,Prime Areas Of Learning,Physical Development,4:Movingandhandling,41.2
2018,Girls,Prime Areas Of Learning,Physical Development,5:Healthandself-care,71.0
2018,Girls,Prime Areas Of Learning,"Personal, Social and Emotional Development",,87.8
2018,Girls,Prime Areas Of Learning,"Personal, Social and Emotional Development",6:Self-confidenceandself-awareness,70.0
2018,Girls,Prime Areas Of Learning,"Personal, Social and Emotional Development",7:Managingfeelingsandbehaviour,71.7
2018,Girls,Prime Areas Of Learning,"Personal, Social and Emotional Development",8:MakingRelationships,72.8
2018,Girls,Prime Areas Of Learning,,,76.1
2018,Girls,Prime Areas Of Learning,Literacy,,78.0
2018,Girls,Specific Areas Of Learning,Literacy,9:Reading,61.9
2018,Girls,Specific Areas Of Learning,Literacy,10:Writing,63.9
2018,Girls,Specific Areas Of Learning,Mathematics,,80.9
2018,Girls,Specific Areas Of Learning,Mathematics,11:Numbers,67.5
2018,Girls,Specific Areas Of Learning,Mathematics,"12:Shape,spaceandmeasures",71.9
2018,Girls,Specific Areas Of Learning,Understanding the World,,85.6
2018,Girls,Specific Areas Of Learning,Understanding the World,13:PeopleandCommunities,73.7
2018,Girls,Specific Areas Of Learning,Understanding the World,14:TheWorld,74.6
2018,Girls,Specific Areas Of Learning,Understanding the World,15:Technology,82.2
2018,Girls,Specific Areas Of Learning,Expressive arts and design,,90.9
2018,Girls,Specific Areas Of Learning,Expressive arts and design,16:exploringandusingmediaandmaterials,73.9
2018,Girls,Specific Areas Of Learning,Expressive arts and design,17:beingimaginative,74.7
2018,Boys,Prime Areas Of Learning,,,70.1
2018,Boys,Prime Areas Of Learning,Communication and Language,,73.9
2018,Boys,Prime Areas Of Learning,Communication and Language,1:ListeningandAttention,60.9
2018,Boys,Prime Areas Of Learning,Communication and Language,2:Understanding,59.7
2018,Boys,Prime Areas Of Learning,Communication and Language,3:Speaking,62.7
2018,Boys,Prime Areas Of Learning,Physical Development,,79.9
2018,Boys,Prime Areas Of Learning,Physical Development,4:Movingandhandling,70.9
2018,Boys,Prime Areas Of Learning,Physical Development,5:Healthandself-care,72.8
2018,Boys,Prime Areas Of Learning,"Personal, Social and Emotional Development",,77.4
2018,Boys,Prime Areas Of Learning,"Personal, Social and Emotional Development",6:Self-confidenceandself-awareness,69.7
2018,Boys,Prime Areas Of Learning,"Personal, Social and Emotional Development",7:Managingfeelingsandbehaviour,70.9
2018,Boys,Prime Areas Of Learning,"Personal, Social and Emotional Development",8:MakingRelationships,73.4
2018,Boys,Prime Areas Of Learning,,,60.8
2018,Boys,Prime Areas Of Learning,Literacy,,64.0
2018,Boys,Specific Areas Of Learning,Literacy,9:Reading,55.5
2018,Boys,Specific Areas Of Learning,Literacy,10:Writing,56.0
2018,Boys,Specific Areas Of Learning,Mathematics,,72.7
2018,Boys,Specific Areas Of Learning,Mathematics,11:Numbers,58.2
2018,Boys,Specific Areas Of Learning,Mathematics,"12:Shape,spaceandmeasures",61.6
2018,Boys,Specific Areas Of Learning,Understanding the World,,76.8
2018,Boys,Specific Areas Of Learning,Understanding the World,13:PeopleandCommunities,68.1
2018,Boys,Specific Areas Of Learning,Understanding the World,14:TheWorld,67.1
2018,Boys,Specific Areas Of Learning,Understanding the World,15:Technology,75.2
2018,Boys,Specific Areas Of Learning,Expressive arts and design,,78.0
2018,Boys,Specific Areas Of Learning,Expressive arts and design,16:exploringandusingmediaandmaterials,70.1
2018,Boys,Specific Areas Of Learning,Expressive arts and design,17:beingimaginative,70.9
2019,All,Prime Areas Of Learning,,,76.4
2019,All,Prime Areas Of Learning,Communication and Language,,79.7
2019,All,Prime Areas Of Learning,Communication and Language,1:ListeningandAttention,62.3
2019,All,Prime Areas Of Learning,Communication and Language,2:Understanding,62.9
2019,All,Prime Areas Of Learning,Communication and Language,3:Speaking,66.2
2019,All,Prime Areas Of Learning,Physical Development,,85.4
2019,All,Prime Areas Of Learning,Physical Development,4:Movingandhandling,72.0
2019,All,Prime Areas Of Learning,Physical Development,5:Healthandself-care,70.8
2019,All,Prime Areas Of Learning,"Personal, Social and Emotional Development",,82.0
2019,All,Prime Areas Of Learning,"Personal, Social and Emotional Development",6:Self-confidenceandself-awareness,68.7
2019,All,Prime Areas Of Learning,"Personal, Social and Emotional Development",7:Managingfeelingsandbehaviour,70.8
2019,All,Prime Areas Of Learning,"Personal, Social and Emotional Development",8:MakingRelationships,71.3
2019,All,Prime Areas Of Learning,,,69.3
2019,All,Prime Areas Of Learning,Literacy,,72.2
2019,All,Specific Areas Of Learning,Literacy,9:Reading,61.9
2019,All,Specific Areas Of Learning,Literacy,10:Writing,63.0
2019,All,Specific Areas Of Learning,Mathematics,,77.3
2019,All,Specific Areas Of Learning,Mathematics,11:Numbers,63.3
2019,All,Specific Areas Of Learning,Mathematics,"12:Shape,spaceandmeasures",67.3
2019,All,Specific Areas Of Learning,Understanding the World,,80.9
2019,All,Specific Areas Of Learning,Understanding the World,13:PeopleandCommunities,70.3
2019,All,Specific Areas Of Learning,Understanding the World,14:TheWorld,67.5
2019,All,Specific Areas Of Learning,Understanding the World,15:Technology,73.7
2019,All,Specific Areas Of Learning,Expressive arts and design,,83.4
2019,All,Specific Areas Of Learning,Expressive arts and design,16:exploringandusingmediaandmaterials,71.6
2019,All,Specific Areas Of Learning,Expressive arts and design,17:beingimaginative,71.5
2019,Girls,Prime Areas Of Learning,,,83.1
2019,Girls,Prime Areas Of Learning,Communication and Language,,85.3
2019,Girls,Prime Areas Of Learning,Communication and Language,1:ListeningandAttention,61.7
2019,Girls,Prime Areas Of Learning,Communication and Language,2:Understanding,62.6
2019,Girls,Prime Areas Of Learning,Communication and Language,3:Speaking,66.7
2019,Girls,Prime Areas Of Learning,Physical Development,,90.8
2019,Girls,Prime Areas Of Learning,Physical Development,4:Movingandhandling,73.0
2019,Girls,Prime Areas Of Learning,Physical Development,5:Healthandself-care,69.0
2019,Girls,Prime Areas Of Learning,"Personal, Social and Emotional Development",,88.0
2019,Girls,Prime Areas Of Learning,"Personal, Social and Emotional Development",6:Self-confidenceandself-awareness,68.8
2019,Girls,Prime Areas Of Learning,"Personal, Social and Emotional Development",7:Managingfeelingsandbehaviour,71.2
2019,Girls,Prime Areas Of Learning,"Personal, Social and Emotional Development",8:MakingRelationships,70.7
2019,Girls,Prime Areas Of Learning,,,76.4
2019,Girls,Prime Areas Of Learning,Literacy,,78.5
2019,Girls,Specific Areas Of Learning,Literacy,9:Reading,65.4
2019,Girls,Specific Areas Of Learning,Literacy,10:Writing,66.0
2019,Girls,Specific Areas Of Learning,Mathematics,,81.2
2019,Girls,Specific Areas Of Learning,Mathematics,11:Numbers,68.5
2019,Girls,Specific Areas Of Learning,Mathematics,"12:Shape,spaceandmeasures",71.3
2019,Girls,Specific Areas Of Learning,Understanding the World,,85.0
2019,Girls,Specific Areas Of Learning,Understanding the World,13:PeopleandCommunities,72.3
2019,Girls,Specific Areas Of Learning,Understanding the World,14:TheWorld,69.6
2019,Girls,Specific Areas Of Learning,Understanding the World,15:Technology,77.6
2019,Girls,Specific Areas Of Learning,Expressive arts and design,,90.4
2019,Girls,Specific Areas Of Learning,Expressive arts and design,16:exploringandusingmediaandmaterials,73.6
2019,Girls,Specific Areas Of Learning,Expressive arts and design,17:beingimaginative,73.5
2019,Boys,Prime Areas Of Learning,,,69.9
2019,Boys,Prime Areas Of Learning,Communication and Language,,74.2
2019,Boys,Prime Areas Of Learning,Communication and Language,1:ListeningandAttention,62.8
2019,Boys,Prime Areas Of Learning,Communication and Language,2:Understanding,63.2
2019,Boys,Prime Areas Of Learning,Communication and Language,3:Speaking,65.6
2019,Boys,Prime Areas Of Learning,Physical Development,,80.1
2019,Boys,Prime Areas Of Learning,Physical Development,4:Movingandhandling,70.9
2019,Boys,Prime Areas Of Learning,Physical Development,5:Healthandself-care,72.7
2019,Boys,Prime Areas Of Learning,"Personal, Social and Emotional Development",,76.0
2019,Boys,Prime Areas Of Learning,"Personal, Social and Emotional Development",6:Self-confidenceandself-awareness,68.6
2019,Boys,Prime Areas Of Learning,"Personal, Social and Emotional Development",7:Managingfeelingsandbehaviour,70.5
2019,Boys,Prime Areas Of Learning,"Personal, Social and Emotional Development",8:MakingRelationships,71.9
2019,Boys,Prime Areas Of Learning,,,62.4
2019,Boys,Prime Areas Of Learning,Literacy,,66.1
2019,Boys,Specific Areas Of Learning,Literacy,9:Reading,73.4
2019,Boys,Specific Areas Of Learning,Literacy,10:Writing,60.1
2019,Boys,Specific Areas Of Learning,Mathematics,,73.4
2019,Boys,Specific Areas Of Learning,Mathematics,11:Numbers,58.2
2019,Boys,Specific Areas Of Learning,Mathematics,"12:Shape,spaceandmeasures",63.4
2019,Boys,Specific Areas Of Learning,Understanding the World,,76.9
2019,Boys,Specific Areas Of Learning,Understanding the World,13:PeopleandCommunities,63.8
2019,Boys,Specific Areas Of Learning,Understanding the World,14:TheWorld,65.5
2019,Boys,Specific Areas Of Learning,Understanding the World,15:Technology,69.9
2019,Boys,Specific Areas Of Learning,Expressive arts and design,,76.5
2019,Boys,Specific Areas Of Learning,Expressive arts and design,16:exploringandusingmediaandmaterials,69.7
2019,Boys,Specific Areas Of Learning,Expressive arts and design,17:beingimaginative,69.6
